Dex #,Name,Generation,Type 1,Type 2,Height,Weight,Max CP,Atk,Def,Stamina,Shiny Available,Timed Shiny ,Raid Shiny,Egg Shiny,Resaearch Shiny
#001,Bulbasaur,Generation I,Grass,Poison,0.7,6.9,"1,115",118,111,128,Yes,No,Yes,Yes,Yes
#002,Ivysaur,Generation I,Grass,Poison,1,13,"1,699",151,143,155,Yes,No,No,No,No
#003,Venusaur,Generation I,Grass,Poison,2,100,"2,720",198,189,190,Yes,No,No,No,No
#004,Charmander,Generation I,Fire,Unknown,0.6,8.5,980,116,93,118,Yes,No,Yes,Yes,Yes
#005,Charmeleon,Generation I,Fire,Unknown,1.1,19,"1,653",158,126,151,Yes,No,No,No,No
#006,Charizard,Generation I,Fire,Flying,1.7,90.5,"2,889",223,173,186,Yes,No,No,No,No
#007,Squirtle,Generation I,Water,Unknown,0.5,9,946,94,121,127,Yes,No,Yes,Yes,Yes
#008,Wartortle,Generation I,Water,Unknown,1,22.5,"1,488",126,155,153,Yes,No,No,No,No
#009,Blastoise,Generation I,Water,Unknown,1.6,85.5,"2,466",171,207,188,Yes,No,No,No,No
#010,Caterpie,Generation I,Bug,Unknown,0.3,2.9,437,55,55,128,Yes,No,No,No,Yes
#011,Metapod,Generation I,Bug,Unknown,0.7,9.9,450,45,80,137,Yes,No,No,No,No
#012,Butterfree,Generation I,Bug,Flying,1.1,32,"1,827",167,137,155,Yes,No,No,No,No
#013,Weedle,Generation I,Bug,Poison,0.3,3.2,456,63,50,120,Yes,No,No,No,Yes
#014,Kakuna,Generation I,Bug,Poison,0.6,10,432,46,75,128,Yes,No,No,No,No
#015,Beedrill,Generation I,Bug,Poison,1,29.5,"1,846",169,130,163,Yes,No,No,No,No
#016,Pidgey,Generation I,Normal,Flying,0.3,1.8,680,85,73,120,Yes,No,No,No,Yes
#017,Pidgeotto,Generation I,Normal,Flying,1.1,30,"1,194",117,105,160,Yes,No,No,No,No
#018,Pidgeot,Generation I,Normal,Flying,1.5,39.5,"2,129",166,154,195,Yes,No,No,No,No
#019,Rattata,Generation I,Normal,Unknown,0.3,3.5,734,103,70,102,Yes,No,No,Yes,Yes
#020,Raticate,Generation I,Normal,Unknown,0.7,18.5,"1,730",161,139,146,Yes,No,No,No,No
#021,Spearow,Generation I,Normal,Flying,0.3,2,798,112,60,120,No,No,No,No,No
#022,Fearow,Generation I,Normal,Flying,1.2,38,"1,997",182,133,163,No,No,No,No,No
#023,Ekans,Generation I,Poison,Unknown,2,6.9,927,110,97,111,Yes,No,No,Yes,Yes
#024,Arbok,Generation I,Poison,Unknown,3.5,65,"1,921",167,153,155,Yes,No,No,No,No
#025,Pikachu,Generation I,Electric,Unknown,0.4,6,938,112,96,111,Yes,No,No,No,Yes
#026,Raichu,Generation I,Electric,Unknown,0.8,30,"2,182",193,151,155,Yes,No,No,No,No
#027,Sandshrew,Generation I,Ground,Unknown,0.6,12,"1,261",126,120,137,Yes,No,No,No,No
#028,Sandslash,Generation I,Ground,Unknown,1,29.5,"2,374",182,175,181,Yes,No,No,No,No
#029,Nidoranf,Generation I,Poison,Unknown,0.4,7,816,86,89,146,Yes,No,Yes,No,Yes
#030,Nidorina,Generation I,Poison,Unknown,0.8,20,"1,309",117,120,172,Yes,No,No,No,No
#031,Nidoqueen,Generation I,Poison,Ground,1.3,60,"2,488",180,173,207,Yes,No,No,No,No
#032,Nidoranm,Generation I,Poison,Unknown,0.5,9,860,105,76,130,Yes,No,No,No,Yes
#033,Nidorino,Generation I,Poison,Unknown,0.9,19.5,"1,393",137,111,156,Yes,No,No,No,No
#034,Nidoking,Generation I,Poison,Ground,1.4,62,"2,567",204,156,191,Yes,No,No,No,No
#035,Clefairy,Generation I,Fairy,Unknown,0.6,7.5,"1,155",107,108,172,Yes,No,No,No,No
#036,Clefable,Generation I,Fairy,Unknown,1.3,40,"2,437",178,162,216,Yes,No,No,No,No
#037,Vulpix,Generation I,Fire,Unknown,0.6,9.9,883,96,109,116,No,No,No,No,No
#038,Ninetales,Generation I,Fire,Unknown,1.1,19.9,"2,279",169,190,177,No,No,No,No,No
#039,Jigglypuff,Generation I,Normal,Fairy,0.5,5.5,724,80,41,251,Yes,No,No,No,No
#040,Wigglytuff,Generation I,Normal,Fairy,1,12,"1,926",156,90,295,Yes,No,No,No,No
#041,Zubat,Generation I,Poison,Flying,0.8,7.5,667,83,73,120,Yes,No,No,No,Yes
#042,Golbat,Generation I,Poison,Flying,1.6,55,"1,976",161,150,181,Yes,No,No,No,No
#043,Oddish,Generation I,Grass,Poison,0.5,5.4,"1,228",131,112,128,Yes,No,No,No,No
#044,Gloom,Generation I,Grass,Poison,0.8,8.6,"1,681",153,136,155,Yes,No,No,No,No
#045,Vileplume,Generation I,Grass,Poison,1.2,18.6,"2,559",202,167,181,Yes,No,No,No,No
#046,Paras,Generation I,Bug,Grass,0.3,5.4,"1,018",121,99,111,No,No,No,No,No
#047,Parasect,Generation I,Bug,Grass,1,29.5,"1,859",165,146,155,No,No,No,No,No
#048,Venonat,Generation I,Bug,Poison,1,30,"1,004",100,100,155,Yes,No,No,No,Yes
#049,Venomoth,Generation I,Bug,Poison,1.5,12.5,"2,082",179,143,172,Yes,No,No,No,No
#050,Diglett,Generation I,Ground,Unknown,0.2,0.8,676,109,78,67,Yes,No,No,No,No
#051,Dugtrio,Generation I,Ground,Unknown,0.7,33.3,"1,567",167,136,111,Yes,No,No,No,No
#052,Meowth,Generation I,Normal,Unknown,0.4,4.2,748,92,78,120,Yes,No,No,No,Yes
#053,Persian,Generation I,Normal,Unknown,1.1,33,"1,689",150,136,163,Yes,No,No,No,No
#054,Psyduck,Generation I,Water,Unknown,0.8,19.6,"1,106",122,95,137,Yes,No,No,No,No
#055,Golduck,Generation I,Water,Unknown,1.7,76.6,"2,450",191,162,190,Yes,No,No,No,No
#056,Mankey,Generation I,Fighting,Unknown,0.5,28,"1,164",148,82,120,Yes,No,No,No,No
#057,Primeape,Generation I,Fighting,Unknown,1,32,"2,288",207,138,163,Yes,No,No,No,No
#058,Growlithe,Generation I,Fire,Unknown,0.7,19,"1,243",136,93,146,Yes,No,No,No,Yes
#059,Arcanine,Generation I,Fire,Unknown,1.9,155,"3,029",227,166,207,Yes,No,No,No,No
#060,Poliwag,Generation I,Water,Unknown,0.6,12.4,829,101,82,120,Yes,No,No,No,Yes
#061,Poliwhirl,Generation I,Water,Unknown,1,20,"1,419",130,123,163,Yes,No,No,No,No
#062,Poliwrath,Generation I,Water,Fighting,1.3,54,"2,586",182,184,207,Yes,No,No,No,No
#063,Abra,Generation I,Psychic,Unknown,0.9,19.5,"1,342",195,82,93,Yes,No,No,No,Yes
#064,Kadabra,Generation I,Psychic,Unknown,1.3,56.5,"2,059",232,117,120,Yes,No,No,No,No
#065,Alakazam,Generation I,Psychic,Unknown,1.5,48,"3,057",271,167,146,Yes,No,No,No,No
#066,Machop,Generation I,Fighting,Unknown,0.8,19.5,"1,278",137,82,172,Yes,No,No,No,No
#067,Machoke,Generation I,Fighting,Unknown,1.5,70.5,"2,031",177,125,190,Yes,No,No,No,No
#068,Machamp,Generation I,Fighting,Unknown,1.6,130,"3,056",234,159,207,Yes,No,No,No,No
#069,Bellsprout,Generation I,Grass,Poison,0.7,4,"1,033",139,61,137,Yes,No,No,No,Yes
#070,Weepinbell,Generation I,Grass,Poison,1,6.4,"1,611",172,92,163,Yes,No,No,No,No
#071,Victreebel,Generation I,Grass,Poison,1.7,15.5,"2,431",207,135,190,Yes,No,No,No,No
#072,Tentacool,Generation I,Water,Poison,0.9,45.5,"1,040",97,149,120,Yes,No,No,No,Yes
#073,Tentacruel,Generation I,Water,Poison,1.6,55,"2,422",166,209,190,Yes,No,No,No,No
#074,Geodude,Generation I,Rock,Ground,0.4,20,"1,293",132,132,120,Yes,No,No,No,No
#075,Graveler,Generation I,Rock,Ground,1,105,"1,897",164,164,146,Yes,No,No,No,No
#076,Golem,Generation I,Rock,Ground,1.4,300,"2,949",211,198,190,Yes,No,No,No,No
#077,Ponyta,Generation I,Fire,Unknown,1,30,"1,697",170,127,137,Yes,No,No,Yes,No
#078,Rapidash,Generation I,Fire,Unknown,1.7,95,"2,461",207,162,163,Yes,No,No,No,No
#079,Slowpoke,Generation I,Water,Psychic,1.2,36,"1,226",109,98,207,Yes,No,No,No,No
#080,Slowbro,Generation I,Water,Psychic,1.6,78.5,"2,545",177,180,216,Yes,No,No,No,No
#081,Magnemite,Generation I,Electric,Steel,0.3,6,"1,362",165,121,93,Yes,No,No,No,No
#082,Magneton,Generation I,Electric,Steel,1,60,"2,485",223,169,137,Yes,No,No,No,No
#083,Farfetch'd,Generation I,Normal,Flying,0.8,15,"1,236",124,115,141,Yes,No,No,No,No
#084,Doduo,Generation I,Normal,Flying,1.4,39.2,"1,200",158,83,111,No,No,No,No,No
#085,Dodrio,Generation I,Normal,Flying,1.8,85.2,"2,362",218,140,155,No,No,No,No,No
#086,Seel,Generation I,Water,Unknown,1.1,90,971,85,121,163,Yes,No,No,No,Yes
#087,Dewgong,Generation I,Water,Ice,1.7,120,"1,985",139,177,207,Yes,No,No,No,No
#088,Grimer,Generation I,Poison,Unknown,0.9,30,"1,374",135,90,190,Yes,No,No,Yes,No
#089,Muk,Generation I,Poison,Unknown,1.2,30,"2,757",190,172,233,Yes,No,No,No,No
#090,Shellder,Generation I,Water,Unknown,0.3,4,"1,080",116,134,102,Yes,No,No,No,Yes
#091,Cloyster,Generation I,Water,Ice,1.5,132.5,"2,547",186,256,137,Yes,No,No,No,No
#092,Gastly,Generation I,Ghost,Poison,1.3,0.1,"1,229",186,67,102,Yes,No,No,No,Yes
#093,Haunter,Generation I,Ghost,Poison,1.6,0.1,"1,963",223,107,128,Yes,No,No,No,No
#094,Gengar,Generation I,Ghost,Poison,1.5,40.5,"2,878",261,149,155,Yes,No,No,No,No
#095,Onix,Generation I,Rock,Ground,8.8,210,"1,101",85,232,111,Yes,No,No,No,Yes
#096,Drowzee,Generation I,Psychic,Unknown,1,32.4,"1,040",89,136,155,Yes,No,No,No,No
#097,Hypno,Generation I,Psychic,Unknown,1.6,75.6,"2,090",144,193,198,Yes,No,No,No,No
#098,Krabby,Generation I,Water,Unknown,0.4,6.5,"1,561",181,124,102,Yes,No,No,No,Yes
#099,Kingler,Generation I,Water,Unknown,1.3,60,"2,829",240,181,146,Yes,No,No,No,No
#100,Voltorb,Generation I,Electric,Unknown,0.5,10.4,"1,010",109,111,120,Yes,No,No,No,Yes
#101,Electrode,Generation I,Electric,Unknown,1.2,66.6,"2,099",173,173,155,Yes,No,No,No,No
#102,Exeggcute,Generation I,Grass,Psychic,0.4,2.5,"1,175",107,125,155,Yes,No,No,No,Yes
#103,Exeggutor,Generation I,Grass,Psychic,2,120,"3,014",233,149,216,Yes,No,No,No,No
#104,Cubone,Generation I,Ground,Unknown,0.4,6.5,"1,019",90,144,137,Yes,No,No,Yes,No
#105,Marowak,Generation I,Ground,Unknown,1,45,"1,835",144,186,155,Yes,No,No,No,No
#106,Hitmonlee,Generation I,Fighting,Unknown,1.5,49.8,"2,576",224,181,137,No,No,No,No,No
#107,Hitmonchan,Generation I,Fighting,Unknown,1.4,50.2,"2,332",193,197,137,No,No,No,No,No
#108,Lickitung,Generation I,Normal,Unknown,1.2,65.5,"1,411",108,137,207,Yes,No,No,No,No
#109,Koffing,Generation I,Poison,Unknown,0.6,1,"1,214",119,141,120,Yes,No,No,No,Yes
#110,Weezing,Generation I,Poison,Unknown,1.2,9.5,"2,293",174,197,163,Yes,No,No,No,No
#111,Rhyhorn,Generation I,Ground,Rock,1,115,"1,651",140,127,190,Yes,No,No,No,Yes
#112,Rhydon,Generation I,Ground,Rock,1.9,120,"3,179",222,171,233,Yes,No,No,No,No
#113,Chansey,Generation I,Normal,Unknown,1.1,34.6,"1,255",60,128,487,Yes,No,No,No,No
#114,Tangela,Generation I,Grass,Unknown,1,35,"2,238",183,169,163,Yes,No,No,No,No
#115,Kangaskhan,Generation I,Normal,Unknown,2.2,80,"2,586",181,165,233,Yes,No,No,No,No
#116,Horsea,Generation I,Water,Unknown,0.4,8,"1,056",129,103,102,Yes,No,No,No,No
#117,Seadra,Generation I,Water,Unknown,1.2,25,"2,093",187,156,146,Yes,No,No,No,No
#118,Goldeen,Generation I,Water,Unknown,0.6,15,"1,152",123,110,128,No,No,No,No,No
#119,Seaking,Generation I,Water,Unknown,1.3,39,"2,162",175,147,190,No,No,No,No,No
#120,Staryu,Generation I,Water,Unknown,0.8,34.5,"1,157",137,112,102,No,No,No,No,Yes
#121,Starmie,Generation I,Water,Psychic,1.1,80,"2,584",210,184,155,No,No,No,No,No
#122,Mrmime,Generation I,Psychic,Fairy,1.3,54.5,"2,228",192,205,120,Yes,No,No,No,No
#123,Scyther,Generation I,Bug,Flying,1.5,56,"2,706",218,170,172,Yes,No,No,Yes,Yes
#124,Jynx,Generation I,Ice,Psychic,1.4,40.6,"2,555",223,151,163,No,No,No,No,No
#125,Electabuzz,Generation I,Electric,Unknown,1.1,30,"2,334",198,158,163,No,No,No,No,No
#126,Magmar,Generation I,Fire,Unknown,1.3,44.5,"2,394",206,154,163,Yes,No,No,No,No
#127,Pinsir,Generation I,Bug,Unknown,1.5,55,"2,959",238,182,163,Yes,No,No,No,Yes
#128,Tauros,Generation I,Normal,Unknown,1.4,88.4,"2,620",198,183,181,Yes,No,No,No,No
#129,Magikarp,Generation I,Water,Unknown,0.9,10,274,29,85,85,Yes,No,No,Yes,Yes
#130,Gyarados,Generation I,Water,Flying,6.5,235,"3,391",237,186,216,Yes,No,No,No,No
#131,Lapras,Generation I,Water,Ice,2.5,220,"2,641",165,174,277,Yes,No,No,No,Yes
#132,Ditto,Generation I,Normal,Unknown,0.3,4,832,91,91,134,No,No,No,No,No
#133,Eevee,Generation I,Normal,Unknown,0.3,6.5,"1,071",104,114,146,Yes,No,No,Yes,Yes
#134,Vaporeon,Generation I,Water,Unknown,1,29,"3,114",205,161,277,Yes,No,No,No,No
#135,Jolteon,Generation I,Electric,Unknown,0.8,24.5,"2,888",232,182,163,Yes,No,No,No,No
#136,Flareon,Generation I,Fire,Unknown,0.9,25,"3,029",246,179,163,Yes,No,No,No,No
#137,Porygon,Generation I,Normal,Unknown,0.8,36.5,"1,720",153,136,163,No,No,No,No,No
#138,Omanyte,Generation I,Rock,Water,0.4,7.5,"1,544",155,153,111,Yes,No,No,No,Yes
#139,Omastar,Generation I,Rock,Water,1,35,"2,786",207,201,172,Yes,No,No,No,No
#140,Kabuto,Generation I,Rock,Water,0.5,11.5,"1,370",148,140,102,Yes,No,No,No,Yes
#141,Kabutops,Generation I,Rock,Water,1.3,40.5,"2,713",220,186,155,Yes,No,No,No,No
#142,Aerodactyl,Generation I,Rock,Flying,1.8,59,"2,783",221,159,190,Yes,No,No,No,Yes
#143,Snorlax,Generation I,Normal,Unknown,2.1,460,"3,225",190,169,330,No,No,No,No,No
#144,Articuno,Generation I,Ice,Flying,1.7,55.4,"3,051",192,236,207,Yes,Yes,No,No,Yes
#145,Zapdos,Generation I,Electric,Flying,1.6,52.6,"3,527",253,185,207,Yes,Yes,No,No,Yes
#146,Moltres,Generation I,Fire,Flying,2,60,"3,465",251,181,207,Yes,Yes,No,No,Yes
#147,Dratini,Generation I,Dragon,Unknown,1.8,3.3,"1,004",119,91,121,Yes,No,No,Yes,Yes
#148,Dragonair,Generation I,Dragon,Unknown,4,16.5,"1,780",163,135,156,Yes,No,No,No,No
#149,Dragonite,Generation I,Dragon,Flying,2.2,210,"3,792",263,198,209,Yes,No,No,No,No
#150,Mewtwo,Generation I,Psychic,Unknown,2,122,"4,178",300,182,214,Yes,Yes,No,No,Yes?
#150,Armoredmewtwo,Generation I,Psychic,Unknown,2,???,"3,187",182,278,214,No,No,No,No,No
#151,Mew,Generation I,Psychic,Unknown,0.4,4,"3,265",210,210,225,No,No,No,No,No
#152,Chikorita,Generation II,Grass,Unknown,0.9,6.4,935,92,122,128,Yes,No,No,No,No
#153,Bayleef,Generation II,Grass,Unknown,1.2,15.8,"1,454",122,155,155,Yes,No,No,No,No
#154,Meganium,Generation II,Grass,Unknown,1.8,100.5,"2,410",168,202,190,Yes,No,No,No,No
#155,Cyndaquil,Generation II,Fire,Unknown,0.5,7.9,980,116,93,118,Yes,No,No,No,No
#156,Quilava,Generation II,Fire,Unknown,0.9,19,"1,653",158,126,151,Yes,No,No,No,No
#157,Typhlosion,Generation II,Fire,Unknown,1.7,79.5,"2,889",223,173,186,Yes,No,No,No,No
#158,Totodile,Generation II,Water,Unknown,0.6,9.5,"1,131",117,109,137,Yes,No,No,No,No
#159,Croconaw,Generation II,Water,Unknown,1.1,25,"1,722",150,142,163,Yes,No,No,No,No
#160,Feraligatr,Generation II,Water,Unknown,2.3,88.8,"2,857",205,188,198,Yes,No,No,No,No
#161,Sentret,Generation II,Normal,Unknown,0.8,6,618,79,73,111,Yes,No,No,No,No
#162,Furret,Generation II,Normal,Unknown,1.8,32.5,"1,758",148,125,198,Yes,No,No,No,No
#163,Hoothoot,Generation II,Normal,Flying,0.7,21.2,677,67,88,155,No,No,No,No,No
#164,Noctowl,Generation II,Normal,Flying,1.6,40.8,"2,024",145,156,225,No,No,No,No,No
#165,Ledyba,Generation II,Bug,Flying,1,10.8,728,72,118,120,No,No,No,No,No
#166,Ledian,Generation II,Bug,Flying,1.4,35.6,"1,346",107,179,146,No,No,No,No,No
#167,Spinarak,Generation II,Bug,Poison,0.5,8.5,816,105,73,120,No,No,No,No,No
#168,Ariados,Generation II,Bug,Poison,1.1,33.5,"1,772",161,124,172,No,No,No,No,No
#169,Crobat,Generation II,Poison,Flying,1.8,75,"2,646",194,178,198,Yes,No,No,No,No
#170,Chinchou,Generation II,Water,Electric,0.5,12,"1,119",106,97,181,Yes,No,No,No,No
#171,Lanturn,Generation II,Water,Electric,1.2,22.5,"2,085",146,137,268,Yes,No,No,No,No
#172,Pichu,Generation II,Electric,Unknown,0.3,2,473,77,53,85,Yes?,No,No,No,No
#173,Cleffa,Generation II,Fairy,Unknown,0.3,3,671,75,79,137,Yes,No,No,Yes,No
#174,Igglybuff,Generation II,Normal,Fairy,0.3,1,535,69,32,207,Yes,No,No,Yes,No
#175,Togepi,Generation II,Fairy,Unknown,0.3,1.5,657,67,116,111,No,No,No,No,No
#176,Togetic,Generation II,Fairy,Flying,0.6,3.2,"1,708",139,181,146,No,No,No,No,No
#177,Natu,Generation II,Psychic,Flying,0.2,2,"1,102",134,89,120,Yes,No,No,No,No
#178,Xatu,Generation II,Psychic,Flying,1.5,15,"2,188",192,146,163,Yes,No,No,No,No
#179,Mareep,Generation II,Electric,Unknown,0.6,7.8,991,114,79,146,Yes,No,No,No,Yes
#180,Flaaffy,Generation II,Electric,Unknown,0.8,13.3,"1,521",145,109,172,Yes,No,No,No,No
#181,Ampharos,Generation II,Electric,Unknown,1.4,61.5,"2,852",211,169,207,Yes,No,No,No,No
#182,Bellossom,Generation II,Grass,Unknown,0.4,5.8,"2,281",169,186,181,Yes,No,No,No,No
#183,Marill,Generation II,Water,Fairy,0.4,8.5,461,37,93,172,Yes,No,No,No,No
#184,Azumarill,Generation II,Water,Fairy,0.8,28.5,"1,588",112,152,225,Yes,No,No,No,No
#185,Sudowoodo,Generation II,Rock,Unknown,1.2,38,"2,148",167,176,172,Yes,No,No,No,No
#186,Politoed,Generation II,Water,Unknown,1.1,33.9,"2,449",174,179,207,Yes,No,No,No,No
#187,Hoppip,Generation II,Grass,Flying,0.4,0.5,600,67,94,111,No,No,No,No,No
#188,Skiploom,Generation II,Grass,Flying,0.6,1,976,91,120,146,No,No,No,No,No
#189,Jumpluff,Generation II,Grass,Flying,0.8,3,"1,636",118,183,181,No,No,No,No,No
#190,Aipom,Generation II,Normal,Unknown,0.8,11.5,"1,348",136,112,146,Yes,No,No,No,No
#191,Sunkern,Generation II,Grass,Unknown,0.3,1.8,395,55,55,102,Yes,No,No,No,Yes
#192,Sunflora,Generation II,Grass,Unknown,0.8,8.5,"2,141",185,135,181,Yes,No,No,No,No
#193,Yanma,Generation II,Bug,Flying,1.2,38,"1,470",154,94,163,Yes,No,No,No,Yes
#194,Wooper,Generation II,Water,Ground,0.4,8.5,641,75,66,146,No,No,No,No,No
#195,Quagsire,Generation II,Water,Ground,1.4,75,"1,992",152,143,216,No,No,No,No,No
#196,Espeon,Generation II,Psychic,Unknown,0.9,26.5,"3,170",261,175,163,Yes,No,No,No,No
#197,Umbreon,Generation II,Dark,Unknown,1,27,"2,137",126,240,216,Yes,No,No,No,No
#198,Murkrow,Generation II,Dark,Flying,0.5,2.1,"1,562",175,87,155,Yes,No,No,No,No
#199,Slowking,Generation II,Water,Psychic,2,79.5,"2,545",177,180,216,No,No,No,No,No
#200,Misdreavus,Generation II,Ghost,Unknown,0.7,1,"1,926",167,154,155,Yes,No,No,No,Yes
#201,Unown,Generation II,Psychic,Unknown,0.5,5,"1,185",136,91,134,Yes? O and G,No,No,No,Yes?
#202,Wobbuffet,Generation II,Psychic,Unknown,1.3,28.5,"1,026",60,106,382,Yes,No,No,No,No
#203,Girafarig,Generation II,Normal,Psychic,1.5,41.5,"2,046",182,133,172,No,No,No,No,No
#204,Pineco,Generation II,Bug,Unknown,0.6,7.2,"1,108",108,122,137,Yes,No,No,No,Yes
#205,Forretress,Generation II,Bug,Steel,1.2,125.8,"2,282",161,205,181,Yes,No,No,No,No
#206,Dunsparce,Generation II,Normal,Unknown,1.5,14,"1,689",131,128,225,Yes,No,No,No,No
#207,Gligar,Generation II,Ground,Flying,1.1,64.8,"1,857",143,184,163,Yes,No,No,Yes,No
#208,Steelix,Generation II,Steel,Ground,9.2,400,"2,414",148,272,181,Yes,No,No,No,No
#209,Snubbull,Generation II,Fairy,Unknown,0.6,7.8,"1,237",137,85,155,Yes,No,No,No,Yes
#210,Granbull,Generation II,Fairy,Unknown,1.4,48.7,"2,552",212,131,207,Yes,No,No,No,No
#211,Qwilfish,Generation II,Water,Poison,0.5,3.9,"2,051",184,138,163,Yes,No,No,No,No
#212,Scizor,Generation II,Bug,Steel,1.8,118,"3,001",236,181,172,Yes,No,No,No,No
#213,Shuckle,Generation II,Bug,Rock,0.6,20.5,405,17,396,85,Yes,No,No,No,No
#214,Heracross,Generation II,Bug,Fighting,1.5,54,"3,101",234,179,190,No,No,No,No,No
#215,Sneasel,Generation II,Dark,Ice,0.9,28,"2,051",189,146,146,Yes,No,No,No,Yes
#216,Teddiursa,Generation II,Normal,Unknown,0.6,8.8,"1,328",142,93,155,Yes,No,No,No,No
#217,Ursaring,Generation II,Normal,Unknown,1.8,125.8,"2,945",236,144,207,Yes,No,No,No,No
#218,Slugma,Generation II,Fire,Unknown,0.7,35,895,118,71,120,No,No,No,No,No
#219,Magcargo,Generation II,Fire,Rock,0.8,55,"1,702",139,191,137,No,No,No,No,No
#220,Swinub,Generation II,Ice,Ground,0.4,6.5,741,90,69,137,Yes,No,No,No,No
#221,Piloswine,Generation II,Ice,Ground,1.1,55.8,"2,345",181,138,225,Yes,No,No,No,No
#222,Corsola,Generation II,Water,Rock,0.6,5,"1,378",118,156,146,No,No,No,No,No
#223,Remoraid,Generation II,Water,Unknown,0.6,12,912,127,69,111,No,No,No,No,No
#224,Octillery,Generation II,Water,Unknown,0.9,28.5,"2,315",197,141,181,No,No,No,No,No
#225,Delibird,Generation II,Ice,Flying,0.9,16,"1,094",128,90,128,No,No,No,No,No
#226,Mantine,Generation II,Water,Flying,2.1,220,"2,108",148,226,163,No,No,No,No,No
#227,Skarmory,Generation II,Steel,Flying,1.7,50.5,"2,108",148,226,163,Yes,No,No,Yes,No
#228,Houndour,Generation II,Dark,Fire,0.6,10.8,"1,234",152,83,128,Yes,No,No,No,Yes
#229,Houndoom,Generation II,Dark,Fire,1.4,35,"2,635",224,144,181,Yes,No,No,No,No
#230,Kingdra,Generation II,Water,Dragon,1.8,152,"2,641",194,194,181,Yes,No,No,No,No
#231,Phanpy,Generation II,Ground,Unknown,0.5,33.5,"1,206",107,98,207,No,No,No,No,No
#232,Donphan,Generation II,Ground,Unknown,1.1,120,"3,013",214,185,207,No,No,No,No,No
#233,Porygon2,Generation II,Normal,Unknown,0.6,32.5,"2,711",198,180,198,No,No,No,No,No
#234,Stantler,Generation II,Normal,Unknown,1.4,71.2,"2,164",192,131,177,Yes,No,No,No,No
#235,Smeargle,Generation II,Normal,Unknown,1.2,58,431,40,83,146,No,No,No,No,No
#236,Tyrogue,Generation II,Fighting,Unknown,0.7,21,492,64,64,111,No,No,No,No,No
#237,Hitmontop,Generation II,Fighting,Unknown,1.4,48,"2,156",173,207,137,No,No,No,No,No
#238,Smoochum,Generation II,Ice,Psychic,0.4,6,"1,291",153,91,128,No,No,No,No,No
#239,Elekid,Generation II,Electric,Unknown,0.6,23.5,"1,206",135,101,128,No,No,No,No,No
#240,Magby,Generation II,Fire,Unknown,0.7,21.4,"1,323",151,99,128,Yes,No,No,No,No
#241,Miltank,Generation II,Normal,Unknown,1.2,75.5,"2,354",157,193,216,No,No,No,No,No
#242,Blissey,Generation II,Normal,Unknown,1.5,46.8,"2,757",129,169,496,Yes,No,No,No,No
#243,Raikou,Generation II,Electric,Unknown,1.9,178,"3,452",241,195,207,Yes,No,No,No,Yes
#244,Entei,Generation II,Fire,Unknown,2.1,198,"3,473",235,171,251,Yes,No,No,No,Yes
#245,Suicune,Generation II,Water,Unknown,2,187,"2,983",180,235,225,Yes,No,No,No,Yes
#246,Larvitar,Generation II,Rock,Ground,0.6,72,"1,040",115,93,137,Yes,No,No,Yes,Yes
#247,Pupitar,Generation II,Rock,Ground,1.2,152,"1,766",155,133,172,Yes,No,No,No,No
#248,Tyranitar,Generation II,Rock,Dark,2,202,"3,834",251,207,225,Yes,No,No,No,No
#249,Lugia,Generation II,Psychic,Flying,5.2,216,"3,703",193,310,235,Yes,No,No,No,Yes
#250,Ho-oh,Generation II,Fire,Flying,3.8,199,"3,863",239,244,214,Yes,No,No,No,Yes
#251,Celebi,Generation II,Psychic,Grass,0.6,5,"3,265",210,210,225,No,No,No,No,No
#252,Treecko,Generation III,Grass,Unknown,0.5,5,"1,053",124,94,120,Yes,No,No,No,No
#253,Grovyle,Generation III,Grass,Unknown,0.9,21.6,"1,673",172,120,137,Yes,No,No,No,No
#254,Sceptile,Generation III,Grass,Unknown,1.7,52.2,"2,757",223,169,172,Yes,No,No,No,No
#255,Torchic,Generation III,Fire,Unknown,0.4,2.5,"1,093",130,87,128,Yes,No,No,No,No
#256,Combusken,Generation III,Fire,Fighting,0.9,19.5,"1,652",163,115,155,Yes,No,No,No,No
#257,Blaziken,Generation III,Fire,Fighting,1.9,52,"2,848",240,141,190,Yes,No,No,No,No
#258,Mudkip,Generation III,Water,Unknown,0.4,7.6,"1,128",126,93,137,Yes,No,No,No,No
#259,Marshtomp,Generation III,Water,Ground,0.7,28,"1,776",156,133,172,Yes,No,No,No,No
#260,Swampert,Generation III,Water,Ground,1.5,81.9,"2,974",208,175,225,Yes,No,No,No,No
#261,Poochyena,Generation III,Dark,Unknown,0.5,13.6,678,96,61,111,Yes,No,No,No,No
#262,Mightyena,Generation III,Dark,Unknown,1,37,"1,926",171,132,172,Yes,No,No,No,No
#263,Zigzagoon,Generation III,Normal,Unknown,0.4,17.5,508,58,80,116,Yes,No,No,No,No
#264,Linoone,Generation III,Normal,Unknown,0.5,32.5,"1,662",142,128,186,Yes,No,No,No,No
#265,Wurmple,Generation III,Bug,Unknown,0.3,3.6,578,75,59,128,Yes,No,No,No,No
#266,Silcoon,Generation III,Bug,Unknown,0.6,10,553,60,77,137,Yes,No,No,No,No
#267,Beautifly,Generation III,Bug,Flying,1,28.4,"1,765",189,98,155,Yes,No,No,No,No
#268,Cascoon,Generation III,Bug,Unknown,0.7,11.5,553,60,77,137,Yes,No,No,No,No
#269,Dustox,Generation III,Bug,Poison,1.2,31.6,"1,224",98,162,155,Yes,No,No,No,No
#270,Lotad,Generation III,Water,Grass,0.5,2.6,598,71,77,120,Yes,No,No,No,Yes
#271,Lombre,Generation III,Water,Grass,1.2,32.5,"1,197",112,119,155,Yes,No,No,No,No
#272,Ludicolo,Generation III,Water,Grass,1.5,55,"2,323",173,176,190,Yes,No,No,No,No
#273,Seedot,Generation III,Grass,Unknown,0.5,4,598,71,77,120,Yes,No,No,No,No
#274,Nuzleaf,Generation III,Grass,Dark,1,28,"1,227",134,78,172,Yes,No,No,No,No
#275,Shiftry,Generation III,Grass,Dark,1.3,59.6,"2,333",200,121,207,Yes,No,No,No,No
#276,Taillow,Generation III,Normal,Flying,0.3,2.3,765,106,61,120,Yes,No,No,No,No
#277,Swellow,Generation III,Normal,Flying,0.7,19.8,"1,920",185,124,155,Yes,No,No,No,No
#278,Wingull,Generation III,Water,Flying,0.6,9.5,765,106,61,120,Yes,No,No,No,No
#279,Pelipper,Generation III,Water,Flying,1.2,28,"2,127",175,174,155,Yes,No,No,No,No
#280,Ralts,Generation III,Psychic,Fairy,0.4,6.6,539,79,59,99,Yes,No,No,No,No
#281,Kirlia,Generation III,Psychic,Fairy,0.8,20.2,966,117,90,116,Yes,No,No,No,No
#282,Gardevoir,Generation III,Psychic,Fairy,1.6,48.4,"3,093",237,195,169,Yes,No,No,No,No
#283,Surskit,Generation III,Bug,Water,0.5,1.7,791,93,87,120,No,No,No,No,No
#284,Masquerain,Generation III,Bug,Flying,0.8,3.6,"2,270",192,150,172,No,No,No,No,No
#285,Shroomish,Generation III,Grass,Unknown,0.4,4.5,810,74,110,155,No,No,No,No,No
#286,Breloom,Generation III,Grass,Fighting,1.2,39.2,"2,628",241,144,155,No,No,No,No,No
#287,Slakoth,Generation III,Normal,Unknown,0.8,24,"1,002",104,92,155,Yes,No,No,No,Yes
#288,Vigoroth,Generation III,Normal,Unknown,1.4,46.5,"1,968",159,145,190,Yes,No,No,No,No
#289,Slaking,Generation III,Normal,Unknown,2,130.5,"4,431",290,166,284,Yes,No,No,No,No
#290,Nincada,Generation III,Bug,Ground,0.5,5.5,768,80,126,104,Yes,No,No,No,Yes
#291,Ninjask,Generation III,Bug,Flying,0.8,12,"1,969",199,112,156,Yes,No,No,No,No
#292,Shedinja,Generation III,Bug,Ghost,0.8,1.2,393,153,73,1,No,No,No,No,No
#293,Whismur,Generation III,Normal,Unknown,0.6,16.3,671,92,42,162,No,No,No,No,No
#294,Loudred,Generation III,Normal,Unknown,1,40.5,"1,327",134,81,197,No,No,No,No,No
#295,Exploud,Generation III,Normal,Unknown,1.5,84,"2,347",179,137,232,No,No,No,No,No
#296,Makuhita,Generation III,Fighting,Unknown,1,86.4,817,99,54,176,Yes,No,No,No,No
#297,Hariyama,Generation III,Fighting,Unknown,2.3,253.8,"2,829",209,114,302,Yes,No,No,No,No
#298,Azurill,Generation III,Normal,Fairy,0.2,2,364,36,71,137,No,No,No,No,No
#299,Nosepass,Generation III,Rock,Unknown,1,97,993,82,215,102,No,No,No,No,No
#300,Skitty,Generation III,Normal,Unknown,0.6,11,739,84,79,137,Yes,No,No,No,No
#301,Delcatty,Generation III,Normal,Unknown,1.1,32.6,"1,496",132,127,172,Yes,No,No,No,No
#302,Sableye,Generation III,Dark,Ghost,0.5,11,"1,476",141,136,137,Yes,No,No,No,No
#303,Mawile,Generation III,Steel,Fairy,0.6,11.5,"1,634",155,141,137,Yes,No,No,No,No
#304,Aron,Generation III,Steel,Rock,0.4,60,"1,307",121,141,137,Yes,No,No,No,No
#305,Lairon,Generation III,Steel,Rock,0.9,120,"2,056",158,198,155,Yes,No,No,No,No
#306,Aggron,Generation III,Steel,Rock,2.1,360,"3,000",198,257,172,Yes,No,No,No,No
#307,Meditite,Generation III,Fighting,Psychic,0.6,11.2,693,78,107,102,Yes,No,No,No,No
#308,Medicham,Generation III,Fighting,Psychic,1.3,31.5,"1,431",121,152,155,Yes,No,No,No,No
#309,Electrike,Generation III,Electric,Unknown,0.6,15.2,965,123,78,120,Yes,No,No,No,Yes
#310,Manectric,Generation III,Electric,Unknown,1.5,40.2,"2,340",215,127,172,Yes,No,No,No,No
#311,Plusle,Generation III,Electric,Unknown,0.4,4.2,"1,778",167,129,155,Yes,No,No,No,No
#312,Minun,Generation III,Electric,Unknown,0.4,4.2,"1,694",147,150,155,Yes,No,No,No,No
#313,Volbeat,Generation III,Bug,Unknown,0.7,17.7,"1,771",143,166,163,Yes,No,No,No,Yes
#314,Illumise,Generation III,Bug,Unknown,0.6,17.7,"1,771",143,166,163,Yes,No,No,No,Yes
#315,Roselia,Generation III,Grass,Poison,0.3,2,"1,870",186,131,137,Yes,No,No,No,Yes
#316,Gulpin,Generation III,Poison,Unknown,0.4,10.3,866,80,99,172,No,No,No,No,No
#317,Swalot,Generation III,Poison,Unknown,1.7,80,"1,978",140,159,225,No,No,No,No,No
#318,Carvanha,Generation III,Water,Dark,0.8,20.8,"1,020",171,39,128,Yes,No,No,No,No
#319,Sharpedo,Generation III,Water,Dark,1.8,88.8,"2,181",243,83,172,Yes,No,No,No,No
#320,Wailmer,Generation III,Water,Unknown,2,130,"1,468",136,68,277,Yes,No,No,Yes,Yes
#321,Wailord,Generation III,Water,Unknown,14.5,398,"2,280",175,87,347,Yes,No,No,No,No
#322,Numel,Generation III,Fire,Ground,0.7,24,"1,057",119,79,155,No,No,No,No,No
#323,Camerupt,Generation III,Fire,Ground,1.9,220,"2,193",194,136,172,No,No,No,No,No
#324,Torkoal,Generation III,Fire,Unknown,0.5,80.4,"2,093",151,203,172,No,No,No,No,No
#325,Spoink,Generation III,Psychic,Unknown,0.7,30.6,"1,334",125,122,155,Yes,No,No,No,No
#326,Grumpig,Generation III,Psychic,Unknown,0.9,71.5,"2,369",171,188,190,Yes,No,No,No,No
#327,Spinda,Generation III,Normal,Unknown,1.1,5,"1,220",116,116,155,Yes,No,No,No,Yes
#328,Trapinch,Generation III,Ground,Unknown,0.7,15,"1,274",162,78,128,Yes,No,No,No,Yes
#329,Vibrava,Generation III,Ground,Dragon,1.1,15.3,"1,225",134,99,137,Yes,No,No,No,No
#330,Flygon,Generation III,Ground,Dragon,2,82,"2,661",205,168,190,Yes,No,No,No,No
#331,Cacnea,Generation III,Grass,Unknown,0.4,51.3,"1,242",156,74,137,No,No,No,No,No
#332,Cacturne,Generation III,Grass,Dark,1.3,77.4,"2,298",221,115,172,No,No,No,No,No
#333,Swablu,Generation III,Normal,Flying,0.4,1.2,824,76,132,128,Yes,No,No,Yes,Yes
#334,Altaria,Generation III,Dragon,Flying,1.1,20.6,"2,004",141,201,181,Yes,No,No,No,No
#335,Zangoose,Generation III,Normal,Unknown,1.3,40.3,"2,418",222,124,177,Yes,No,No,No,No
#336,Seviper,Generation III,Poison,Unknown,2.7,52.5,"2,105",196,118,177,Yes,No,No,No,No
#337,Lunatone,Generation III,Rock,Psychic,1,168,"2,327",178,153,207,Yes,No,No,No,No
#338,Solrock,Generation III,Rock,Psychic,1.2,154,"2,327",178,153,207,Yes,No,No,No,No
#339,Barboach,Generation III,Water,Ground,0.4,1.9,819,93,82,137,Yes,No,No,No,No
#340,Whiscash,Generation III,Water,Ground,0.9,23.6,"2,075",151,141,242,Yes,No,No,No,No
#341,Corphish,Generation III,Water,Unknown,0.6,11.5,"1,230",141,99,125,No,No,No,No,No
#342,Crawdaunt,Generation III,Water,Dark,1.1,32.8,"2,474",224,142,160,No,No,No,No,No
#343,Baltoy,Generation III,Ground,Psychic,0.5,21.5,787,77,124,120,Yes,No,No,No,No
#344,Claydol,Generation III,Ground,Psychic,1.5,108,"1,971",140,229,155,Yes,No,No,No,No
#345,Lileep,Generation III,Rock,Grass,1,23.8,"1,291",105,150,165,Yes,No,No,No,Yes
#346,Cradily,Generation III,Rock,Grass,1.5,60.4,"2,211",152,194,200,Yes,No,No,No,No
#347,Anorith,Generation III,Rock,Bug,0.7,12.5,"1,529",176,100,128,Yes,No,No,No,Yes
#348,Armaldo,Generation III,Rock,Bug,1.5,68.2,"2,848",222,174,181,Yes,No,No,No,No
#349,Feebas,Generation III,Water,Unknown,0.6,7.4,274,29,85,85,Yes,No,No,No,Yes
#350,Milotic,Generation III,Water,Unknown,6.2,162,"3,005",192,219,216,Yes,No,No,No,No
#351,Castform,Generation III,Normal,Unknown,0.3,0.8,"1,632",139,139,172,Yes,No,No,No,No
#352,Kecleon,Generation III,Normal,Unknown,1,22,"2,047",161,189,155,No,No,No,No,No
#353,Shuppet,Generation III,Ghost,Unknown,0.6,2.3,"1,018",138,65,127,Yes,No,No,No,No
#354,Banette,Generation III,Ghost,Unknown,1.1,12.5,"2,298",218,126,162,Yes,No,No,No,No
#355,Duskull,Generation III,Ghost,Unknown,0.8,15,706,70,162,85,Yes,No,No,No,No
#356,Dusclops,Generation III,Ghost,Unknown,1.6,30.6,"1,591",124,234,120,Yes,No,No,No,No
#357,Tropius,Generation III,Grass,Flying,2,100,"1,941",136,163,223,No,No,No,No,No
#358,Chimecho,Generation III,Psychic,Unknown,0.6,1,"2,259",175,170,181,No,No,No,No,No
#359,Absol,Generation III,Dark,Unknown,1.2,47,"2,526",246,120,163,Yes,No,No,No,Yes
#360,Wynaut,Generation III,Psychic,Unknown,0.6,14,534,41,86,216,Yes,No,No,No,No
#361,Snorunt,Generation III,Ice,Unknown,0.7,16.8,888,95,95,137,Yes,No,No,No,No
#362,Glalie,Generation III,Ice,Unknown,1.5,256.5,"2,105",162,162,190,Yes,No,No,No,No
#363,Spheal,Generation III,Ice,Water,0.8,39.5,962,95,90,172,No,No,No,No,No
#364,Sealeo,Generation III,Ice,Water,1.1,87.6,"1,714",137,132,207,No,No,No,No,No
#365,Walrein,Generation III,Ice,Water,1.4,150.6,"2,726",182,176,242,No,No,No,No,No
#366,Clamperl,Generation III,Water,Unknown,0.4,52.5,"1,270",133,135,111,Yes,No,No,Yes,Yes
#367,Huntail,Generation III,Water,Unknown,1.7,27,"2,340",197,179,146,Yes,No,No,No,No
#368,Gorebyss,Generation III,Water,Unknown,1.8,22.6,"2,494",211,179,146,Yes,No,No,No,No
#369,Relicanth,Generation III,Water,Rock,1,23.4,"2,528",162,203,225,No,No,No,No,No
#370,Luvdisc,Generation III,Water,Unknown,0.6,8.7,848,81,128,125,Yes,No,No,Yes,Yes
#371,Bagon,Generation III,Dragon,Unknown,0.6,42.1,"1,156",134,93,128,Yes,No,No,Yes,No
#372,Shelgon,Generation III,Dragon,Unknown,1.1,110.5,"2,031",172,155,163,Yes,No,No,No,No
#373,Salamence,Generation III,Dragon,Flying,1.5,102.6,"3,749",277,168,216,No,No,No,No,No
#374,Beldum,Generation III,Steel,Psychic,0.6,95.2,976,96,132,120,Yes,No,No,Yes,No
#375,Metang,Generation III,Steel,Psychic,1.2,202.5,"1,721",138,176,155,Yes,No,No,No,No
#376,Metagross,Generation III,Steel,Psychic,1.6,550,"3,791",257,228,190,Yes,No,No,No,No
#377,Regirock,Generation III,Rock,Unknown,1.7,230,"3,122",179,309,190,Yes,Yes,Yes,No,No
#378,Regice,Generation III,Ice,Unknown,1.8,175,"3,122",179,309,190,Yes,Yes,Yes,No,No
#379,Registeel,Generation III,Steel,Unknown,1.9,205,"2,447",143,285,190,Yes,Yes,Yes,No,No
#380,Latias,Generation III,Dragon,Psychic,1.4,40,"3,510",228,246,190,Yes,Yes,Yes,No,Yes
#381,Latios,Generation III,Dragon,Psychic,2,60,"3,812",268,212,190,Yes,Yes,Yes,No,Yes
#382,Kyogre,Generation III,Water,Unknown,4.5,352,"4,115",270,228,205,Yes,Yes,Yes,No,Yes
#382,Kyogreprimal,Generation III,Water,Unknown,9.8,430,,,,,Yes,Yes,Yes,No,No
#383,Groudon,Generation III,Ground,Unknown,3.5,950,"4,115",270,228,205,Yes,Yes,Yes,No,Yes
#383,Groudonprimal,Generation III,Ground,Fire,5,999.7,,,,,Yes,Yes,Yes,No,No
#384,Rayquaza,Generation III,Dragon,Flying,7,206.5,"3,835",284,170,213,Yes,Yes,Yes,No,No
#385,Jirachi,Generation III,Steel,Psychic,0.3,1.1,"3,265",210,210,225,No,Yes,Yes,No,No
#386,Deoxys,Generation III,Psychic,Unknown,1.7,60.8,"3,160",345,115,137,Yes,Yes,Yes,No,No
#386,Adeoxys,Generation III,Psychic,Unknown,1.7,60.8,"2,580",414,46,137,Yes,Yes,Yes,No,No
#386,Ddeoxys,Generation III,Psychic,Unknown,1.7,60.8,"2,274",144,330,137,Yes,Yes,Yes,No,No
#386,Sdeoxys,Generation III,Psychic,Unknown,1.7,60.8,"2,879",230,218,137,Yes,Yes,Yes,No,No
#387,Turtwig,Generation IV,Grass,Unknown,0.4,10.2,"1,187",119,110,146,Yes,No,No,Yes,Yes
#388,Grotle,Generation IV,Grass,Unknown,1.1,97,"1,890",157,143,181,Yes,No,No,No,No
#389,Torterra,Generation IV,Grass,Ground,2.2,310,"2,934",202,188,216,Yes,No,No,No,No
#390,Chimchar,Generation IV,Fire,Unknown,0.5,6.2,957,113,86,127,Yes,No,No,Yes,Yes
#391,Monferno,Generation IV,Fire,Fighting,0.9,22,"1,574",158,105,162,Yes,No,No,No,No
#392,Infernape,Generation IV,Fire,Fighting,1.2,55,"2,683",222,151,183,Yes,No,No,No,No
#393,Piplup,Generation IV,Water,Unknown,0.4,5.2,"1,075",112,102,142,Yes,No,No,Yes,No
#394,Prinplup,Generation IV,Water,Unknown,0.8,23,"1,701",150,139,162,Yes,No,No,No,No
#395,Empoleon,Generation IV,Water,Steel,1.7,84.5,"2,900",210,186,197,Yes,No,No,No,No
#396,Starly,Generation IV,Normal,Flying,0.3,2,719,101,58,120,No,No,No,No,No
#397,Staravia,Generation IV,Normal,Flying,0.6,15.5,"1,299",142,94,146,No,No,No,No,No
#398,Staraptor,Generation IV,Normal,Flying,1.2,24.9,"2,825",234,140,198,No,No,No,No,No
#399,Bidoof,Generation IV,Normal,Unknown,0.5,20,721,80,73,153,No,No,No,No,No
#400,Bibarel,Generation IV,Normal,Water,1,31.5,"1,823",162,119,188,No,No,No,No,No
#401,Kricketot,Generation IV,Bug,Unknown,0.3,2.2,401,45,74,114,No,No,No,No,No
#402,Kricketune,Generation IV,Bug,Unknown,1,25.5,"1,653",160,100,184,No,No,No,No,No
#403,Shinx,Generation IV,Electric,Unknown,0.5,9.5,876,117,64,128,Yes,No,No,Yes,No
#404,Luxio,Generation IV,Electric,Unknown,0.9,30.5,"1,486",159,95,155,Yes,No,No,No,No
#405,Luxray,Generation IV,Electric,Unknown,1.4,42,"2,888",232,156,190,Yes,No,No,No,No
#406,Budew,Generation IV,Grass,Poison,0.2,1.2,856,91,109,120,Yes,No,No,No,No
#407,Roserade,Generation IV,Grass,Poison,0.9,14.5,"2,971",243,185,155,Yes,No,No,No,No
#408,Cranidos,Generation IV,Rock,Unknown,0.9,31.5,"1,820",218,71,167,No,No,No,No,No
#409,Rampardos,Generation IV,Rock,Unknown,1.6,102.5,"3,298",295,109,219,No,No,No,No,No
#410,Shieldon,Generation IV,Rock,Steel,0.5,57,890,76,195,102,No,No,No,No,No
#411,Bastiodon,Generation IV,Rock,Steel,1.3,149.5,"1,539",94,286,155,No,No,No,No,No
#412,Burmy,Generation IV,Bug,Unknown,0.2,3.4,488,53,83,120,Yes,No,No,Yes,No
#413,Wormadam,Generation IV,Bug,Grass,0.5,6.5,"1,773",141,180,155,Yes,No,No,No,No
#413,Wormadams,Generation IV,Bug,Ground,0.5,6.5,"1,773",141,180,155,Yes,No,No,No,No
#413,Wormadamt,Generation IV,Bug,Steel,0.5,6.5,"1,593",127,175,155,Yes,No,No,No,No
#414,Mothim,Generation IV,Bug,Flying,0.9,23.3,"1,815",185,98,172,Yes,No,No,No,No
#415,Combee,Generation IV,Bug,Flying,0.3,5.5,494,59,83,102,No,No,No,No,No
#416,Vespiquen,Generation IV,Bug,Flying,1.2,38.5,"2,005",149,190,172,No,No,No,No,No
#417,Pachirisu,Generation IV,Electric,Unknown,0.4,3.9,"1,213",94,172,155,No,No,No,No,No
#418,Buizel,Generation IV,Water,Unknown,0.7,29.5,"1,054",132,67,146,No,No,No,No,No
#419,Floatzel,Generation IV,Water,Unknown,1.1,33.5,"2,443",221,114,198,No,No,No,No,No
#420,Cherubi,Generation IV,Grass,Unknown,0.4,3.3,950,108,92,128,No,No,No,No,No
#421,Cherrim,Generation IV,Grass,Unknown,0.5,9.3,"2,048",170,153,172,No,No,No,No,No
#422,Shellos,Generation IV,Water,Unknown,0.3,6.3,"1,136",103,105,183,No,No,No,No,No
#423,Gastrodon,Generation IV,Water,Ground,0.9,29.9,"2,324",169,143,244,No,No,No,No,No
#424,Ambipom,Generation IV,Normal,Unknown,1.2,20.3,"2,418",205,143,181,Yes,No,No,No,No
#425,Drifloon,Generation IV,Ghost,Flying,0.4,1.2,"1,197",117,80,207,Yes,No,No,No,No
#426,Drifblim,Generation IV,Ghost,Flying,1.2,15,"2,382",180,102,312,Yes,No,No,No,No
#427,Buneary,Generation IV,Normal,Unknown,0.4,5.5,"1,258",130,105,146,Yes,No,No,No,Yes
#428,Lopunny,Generation IV,Normal,Unknown,1.2,33.3,"2,059",156,194,163,Yes,No,No,No,No
#429,Mismagius,Generation IV,Ghost,Unknown,0.9,4.4,"2,615",211,187,155,Yes,No,No,No,No
#430,Honchkrow,Generation IV,Dark,Flying,0.9,27.3,"2,711",243,103,225,Yes,No,No,No,No
#431,Glameow,Generation IV,Normal,Unknown,0.5,3.9,934,109,82,135,Yes,No,No,No,No
#432,Purugly,Generation IV,Normal,Unknown,1,43.8,"1,953",172,133,174,Yes,No,No,No,No
#433,Chingling,Generation IV,Psychic,Unknown,0.2,0.6,"1,005",114,94,128,No,No,No,No,No
#434,Stunky,Generation IV,Poison,Dark,0.4,19.2,"1,151",121,90,160,No,No,No,No,No
#435,Skuntank,Generation IV,Poison,Dark,1,38,"2,358",184,132,230,No,No,No,No,No
#436,Bronzor,Generation IV,Steel,Psychic,0.5,60.5,603,43,154,149,Yes,No,No,Yes,No
#437,Bronzong,Generation IV,Steel,Psychic,1.3,187,"2,239",161,213,167,Yes,No,No,No,No
#438,Bonsly,Generation IV,Rock,Unknown,0.5,15,"1,302",124,133,137,Yes,No,No,No,No
#439,Mimejr,Generation IV,Psychic,Fairy,0.6,13,"1,095",125,142,85,Yes,No,No,No,No
#440,Happiny,Generation IV,Normal,Unknown,0.6,24.4,371,25,77,225,Yes,No,No,No,No
#441,Chatot,Generation IV,Normal,Flying,0.5,1.9,"1,791",183,91,183,No,No,No,No,No
#442,Spiritomb,Generation IV,Ghost,Dark,1,108,"2,072",169,199,137,No,No,No,No,No
#443,Gible,Generation IV,Dragon,Ground,0.7,20.5,"1,112",124,84,151,Yes,No,No,Yes,No
#444,Gabite,Generation IV,Dragon,Ground,1.4,56,"1,874",172,125,169,Yes,No,No,No,No
#445,Garchomp,Generation IV,Dragon,Ground,1.9,95,"3,962",261,193,239,Yes,No,No,No,No
#446,Munchlax,Generation IV,Normal,Unknown,0.6,105,"1,892",137,117,286,No,No,No,No,No
#447,Riolu,Generation IV,Fighting,Unknown,0.7,20.2,993,127,78,120,Yes,No,No,Yes,No
#448,Lucario,Generation IV,Fighting,Steel,1.2,54,"2,703",236,144,172,Yes,No,No,No,No
#449,Hippopotas,Generation IV,Ground,Unknown,0.8,49.5,"1,358",124,118,169,Yes,No,No,No,No
#450,Hippowdon,Generation IV,Ground,Unknown,2,300,"3,085",201,191,239,Yes,No,No,No,No
#451,Skorupi,Generation IV,Poison,Bug,0.8,12,"1,009",93,151,120,Yes,No,No,Yes,No
#452,Drapion,Generation IV,Poison,Dark,1.3,61.5,"2,453",180,202,172,Yes,No,No,No,No
#453,Croagunk,Generation IV,Poison,Fighting,0.7,23,952,116,76,134,Yes,No,No,Yes,No
#454,Toxicroak,Generation IV,Poison,Fighting,1.3,44.4,"2,488",211,133,195,Yes,No,No,No,No
#455,Carnivine,Generation IV,Grass,Unknown,1.4,27,"2,159",187,136,179,No,No,No,No,No
#456,Finneon,Generation IV,Water,Unknown,0.4,7,971,96,116,135,No,No,No,No,No
#457,Lumineon,Generation IV,Water,Unknown,1.2,24,"1,814",142,170,170,No,No,No,No,No
#458,Mantyke,Generation IV,Water,Flying,1,65,"1,248",105,179,128,No,No,No,No,No
#459,Snover,Generation IV,Grass,Ice,1,50.5,"1,159",115,105,155,Yes,No,No,Yes,Yes
#460,Abomasnow,Generation IV,Grass,Ice,2.2,135.5,"2,362",178,158,207,Yes,No,No,No,No
#461,Weavile,Generation IV,Dark,Ice,1.1,34,"3,005",243,171,172,Yes,No,No,No,No
#462,Magnezone,Generation IV,Electric,Steel,1.2,180,"3,205",238,205,172,Yes,No,No,No,No
#463,Lickilicky,Generation IV,Normal,Unknown,1.7,140,"2,467",161,181,242,Yes,No,No,No,No
#464,Rhyperior,Generation IV,Ground,Rock,2.4,282.8,"3,733",241,190,251,Yes,No,No,No,No
#465,Tangrowth,Generation IV,Grass,Unknown,2,128.6,"3,030",207,184,225,Yes,No,No,No,No
#466,Electivire,Generation IV,Electric,Unknown,1.8,138.6,"3,079",249,163,181,No,No,No,No,No
#467,Magmortar,Generation IV,Fire,Unknown,1.6,68,"3,132",247,172,181,Yes,No,No,No,No
#468,Togekiss,Generation IV,Fairy,Flying,1.5,38,"3,332",225,217,198,No,No,No,No,No
#469,Yanmega,Generation IV,Bug,Flying,1.9,51.5,"2,946",231,156,200,Yes,No,No,No,No
#470,Leafeon,Generation IV,Grass,Unknown,1,25.5,"2,944",216,219,163,Yes,No,No,No,No
#471,Glaceon,Generation IV,Ice,Unknown,0.8,25.9,"3,126",238,205,163,Yes,No,No,No,No
#472,Gliscor,Generation IV,Ground,Flying,2,42.5,"2,692",185,222,181,Yes,No,No,No,No
#473,Mamoswine,Generation IV,Ice,Ground,2.5,291,"3,328",247,146,242,Yes,No,No,No,No
#474,Porygon-Z,Generation IV,Normal,Unknown,0.9,34,"3,266",264,150,198,No,No,No,No,No
#475,Gallade,Generation IV,Psychic,Fighting,1.6,52,"3,093",237,195,169,Yes,No,No,No,No
#476,Probopass,Generation IV,Rock,Steel,1.4,340,"2,080",135,275,155,No,No,No,No,No
#477,Dusknoir,Generation IV,Ghost,Unknown,2.2,106.6,"2,388",180,254,128,Yes,No,No,No,No
#478,Froslass,Generation IV,Ice,Ghost,1.3,26.6,"2,040",171,150,172,Yes,No,No,No,No
#480,Uxie,Generation IV,Psychic,Unknown,0.3,0.3,"2,524",156,270,181,No,No,No,No,No
#481,Mesprit,Generation IV,Psychic,Unknown,0.3,0.3,"3,058",212,212,190,No,No,No,No,No
#482,Azelf,Generation IV,Psychic,Unknown,0.3,0.3,"3,210",270,151,181,No,No,No,No,No
#483,Dialga,Generation IV,Steel,Dragon,5.4,683,"4,038",275,211,205,No,No,No,No,No
#484,Palkia,Generation IV,Water,Dragon,4.2,336,"3,991",280,215,189,No,No,No,No,No
#485,Heatran,Generation IV,Fire,Steel,1.7,430,"3,754",251,213,209,Yes,Yes,Yes,No,No
#486,Regigigas,Generation IV,Normal,Unknown,3.7,420,"4,346",287,210,221,No,No,No,No,No
#487,Giratina,Generation IV,Ghost,Dragon,4.5,750,"3,379",187,225,284,Yes,Yes,Yes,No,No
#487,Origingiratina,Generation IV,Ghost,Dragon,6.9,650,"3,683",225,187,284,Yes,Yes,Yes,No,No
#488,Cresselia,Generation IV,Psychic,Unknown,1.5,85.6,"2,857",152,258,260,Yes,Yes,Yes,No,No
#491,Darkrai,Generation IV,Dark,Unknown,1.5,50.5,"3,739",285,198,172,Yes,Yes,Yes,No,No
#494,Victini,Generation V,Psychic,Fire,0.4,4,"3,265",210,210,225,No,No,No,No,No
#495,Snivy,Generation V,Grass,Unknown,0.6,8.1,849,88,107,128,No,No,No,No,No
#496,Servine,Generation V,Grass,Unknown,0.8,16,"1,441",122,152,155,No,No,No,No,No
#497,Serperior,Generation V,Grass,Unknown,3.3,63,"2,277",161,204,181,No,No,No,No,No
#498,Tepig,Generation V,Fire,Unknown,0.5,9.9,"1,083",115,85,163,No,No,No,No,No
#499,Pignite,Generation V,Fire,Fighting,1,55.5,"1,924",173,106,207,No,No,No,No,No
#500,Emboar,Generation V,Fire,Fighting,1.6,150,"2,982",235,127,242,No,No,No,No,No
#501,Oshawott,Generation V,Water,Unknown,0.5,5.9,"1,046",117,85,146,No,No,No,No,No
#502,Dewott,Generation V,Water,Unknown,0.8,24.5,"1,741",159,116,181,No,No,No,No,No
#503,Samurott,Generation V,Water,Unknown,1.5,94.6,"2,826",212,157,216,No,No,No,No,No
#504,Patrat,Generation V,Normal,Unknown,0.5,11.6,791,98,73,128,Yes,No,No,Yes,No
#505,Watchog,Generation V,Normal,Unknown,1.1,27,"1,819",165,139,155,Yes,No,No,No,No
#506,Lillipup,Generation V,Normal,Unknown,0.4,4.1,915,107,86,128,Yes,No,No,Yes,Yes
#507,Herdier,Generation V,Normal,Unknown,0.9,14.7,"1,583",145,126,163,Yes,No,No,No,No
#508,Stoutland,Generation V,Normal,Unknown,1.2,61,"2,827",206,182,198,Yes,No,No,No,No
#509,Purrloin,Generation V,Dark,Unknown,0.4,10.1,772,98,73,121,No,No,No,No,No
#510,Liepard,Generation V,Dark,Unknown,1.1,37.5,"1,846",187,106,162,No,No,No,No,No
#511,Pansage,Generation V,Grass,Unknown,0.6,10.5,956,104,94,137,No,No,No,No,No
#512,Simisage,Generation V,Grass,Unknown,1.1,30.5,"2,350",206,133,181,No,No,No,No,No
#513,Pansear,Generation V,Fire,Unknown,0.6,11,956,104,94,137,No,No,No,No,No
#514,Simisear,Generation V,Fire,Unknown,1,28,"2,350",206,133,181,No,No,No,No,No
#515,Panpour,Generation V,Water,Unknown,0.6,13.5,956,104,94,137,No,No,No,No,No
#516,Simipour,Generation V,Water,Unknown,1,29,"2,350",206,133,181,No,No,No,No,No
#519,Pidove,Generation V,Normal,Flying,0.3,2.1,848,98,80,137,Yes,No,No,No,Yes
#520,Tranquill,Generation V,Normal,Flying,0.6,15,"1,442",144,107,158,Yes,No,No,No,No
#521,Unfezant,Generation V,Normal,Flying,1.2,29,"2,734",226,146,190,Yes,No,No,No,No
#522,Blitzle,Generation V,Electric,Unknown,0.8,29.8,882,118,64,128,No,No,No,No,No
#523,Zebstrika,Generation V,Electric,Unknown,1.6,79.5,"2,428",211,136,181,No,No,No,No,No
#524,Roggenrola,Generation V,Rock,Unknown,0.4,18,"1,205",121,110,146,Yes,No,No,Yes,No
#525,Boldore,Generation V,Rock,Unknown,0.9,102,"2,029",174,143,172,Yes,No,No,No,No
#526,Gigalith,Generation V,Rock,Unknown,1.7,260,"3,228",226,201,198,Yes,No,No,No,No
#527,Woobat,Generation V,Psychic,Flying,0.4,2.1,"1,016",107,85,163,Yes,No,No,Yes,No
#528,Swoobat,Generation V,Psychic,Flying,0.9,10.5,"1,716",161,119,167,Yes,No,No,No,No
#529,Drilbur,Generation V,Ground,Unknown,0.3,8.5,"1,376",154,85,155,No,No,No,No,No
#530,Excadrill,Generation V,Ground,Steel,0.7,40.4,"3,244",255,129,242,No,No,No,No,No
#531,Audino,Generation V,Normal,Unknown,1.1,31,"1,682",114,163,230,No,No,No,No,No
#532,Timburr,Generation V,Fighting,Unknown,0.6,12.5,"1,315",134,87,181,Yes,No,Yes,Yes,No
#533,Gurdurr,Generation V,Fighting,Unknown,1.2,40,"2,169",180,134,198,Yes,No,No,No,No
#534,Conkeldurr,Generation V,Fighting,Unknown,1.4,87,"3,337",243,158,233,Yes,No,No,No,No
#535,Tympole,Generation V,Water,Unknown,0.5,4.5,839,98,78,137,No,No,No,No,No
#536,Palpitoad,Generation V,Water,Ground,0.8,17,"1,392",128,109,181,No,No,No,No,No
#537,Seismitoad,Generation V,Water,Ground,1.5,62,"2,564",188,150,233,No,No,No,No,No
#538,Throh,Generation V,Fighting,Unknown,1.3,55.5,"2,562",172,160,260,No,No,No,No,No
#539,Sawk,Generation V,Fighting,Unknown,1.4,51,"2,788",231,153,181,No,No,No,No,No
#540,Sewaddle,Generation V,Bug,Grass,0.3,2.49,977,96,124,128,No,No,No,No,No
#541,Swadloon,Generation V,Bug,Grass,0.51,7.3,"1,370",115,162,146,No,No,No,No,No
#542,Leavanny,Generation V,Bug,Grass,1.19,20.5,"2,580",205,165,181,No,No,No,No,No
#543,Venipede,Generation V,Bug,Poison,0.4,5.3,706,83,99,102,No,No,No,No,No
#544,Whirlipede,Generation V,Bug,Poison,1.2,58.5,"1,144",100,173,120,No,No,No,No,No
#545,Scolipede,Generation V,Bug,Poison,2.5,200.5,"2,447",203,175,155,No,No,No,No,No
#546,Cottonee,Generation V,Grass,Fairy,0.3,0.59,700,71,111,120,No,No,No,No,No
#547,Whimsicott,Generation V,Grass,Fairy,0.71,6.62,"2,014",164,176,155,No,No,No,No,No
#548,Petilil,Generation V,Grass,Unknown,0.5,6.6,"1,030",119,91,128,No,No,No,No,No
#549,Lilligant,Generation V,Grass,Unknown,1.1,16.3,"2,550",214,155,172,No,No,No,No,No
#550,Basculin,Generation V,Water,Unknown,1,18,"2,090",189,129,172,No,No,No,No,No
#554,Darumaka,Generation V,Fire,Unknown,0.6,37.5,"1,442",153,86,172,No,No,No,No,No
#555,Darmanitan,Generation V,Fire,Unknown,1.3,92.9,"3,105",263,114,233,No,No,No,No,No
#556,Maractus,Generation V,Grass,Unknown,1,28,"2,274",201,130,181,No,No,No,No,No
#557,Dwebble,Generation V,Bug,Rock,0.3,14.5,"1,224",118,128,137,Yes,No,No,Yes,Yes
#558,Crustle,Generation V,Bug,Rock,1.4,200,"2,542",188,200,172,Yes,No,No,No,No
#559,Scraggy,Generation V,Dark,Fighting,0.6,11.8,"1,372",132,132,137,No,No,No,No,No
#560,Scrafty,Generation V,Dark,Fighting,1.1,30,"2,283",163,222,163,No,No,No,No,No
#561,Sigilyph,Generation V,Psychic,Flying,1.4,14,"2,550",204,167,176,No,No,No,No,No
#562,Yamask,Generation V,Ghost,Unknown,0.5,1.5,982,95,141,116,No,No,No,No,Yes
#563,Cofagrigus,Generation V,Ghost,Unknown,1.7,76.5,"2,273",163,237,151,No,No,No,No,No
#564,Tirtouga,Generation V,Water,Rock,0.7,16.5,"1,488",134,146,144,No,No,No,No,No
#565,Carracosta,Generation V,Water,Rock,1.2,81,"2,621",192,197,179,No,No,No,No,No
#566,Archen,Generation V,Rock,Flying,0.5,9.5,"1,842",213,89,146,No,No,No,No,No
#567,Archeops,Generation V,Rock,Flying,1.4,32,"3,331",292,139,181,No,No,No,No,No
#568,Trubbish,Generation V,Poison,Unknown,0.6,31,"1,000",96,122,137,No,No,No,No,No
#569,Garbodor,Generation V,Poison,Unknown,1.9,107.3,"2,345",181,164,190,No,No,No,No,No
#572,Minccino,Generation V,Normal,Unknown,0.4,5.8,872,98,80,146,Yes,No,No,Yes,Yes
#573,Cinccino,Generation V,Normal,Unknown,0.5,7.5,"2,242",198,130,181,Yes,No,No,No,No
#574,Gothita,Generation V,Psychic,Unknown,0.4,5.8,951,98,112,128,No,No,No,No,No
#575,Gothorita,Generation V,Psychic,Unknown,0.7,18,"1,604",137,153,155,No,No,No,No,No
#576,Gothitelle,Generation V,Psychic,Unknown,1.5,44,"2,419",176,205,172,No,No,No,No,No
#577,Solosis,Generation V,Psychic,Unknown,0.3,1,"1,367",170,83,128,No,No,No,No,No
#578,Duosion,Generation V,Psychic,Unknown,0.6,8,"2,018",208,103,163,No,No,No,No,No
#579,Reuniclus,Generation V,Psychic,Unknown,1,20.1,"2,927",214,148,242,No,No,No,No,No
#580,Ducklett,Generation V,Water,Flying,0.5,5.5,856,84,96,158,No,No,No,No,No
#581,Swanna,Generation V,Water,Flying,1.3,24.2,"2,088",182,132,181,No,No,No,No,No
#587,Emolga,Generation V,Electric,Flying,0.41,4.99,"1,633",158,127,146,No,No,No,No,No
#588,Karrablast,Generation V,Bug,Unknown,0.5,5.9,"1,182",137,87,137,No,No,No,No,No
#589,Escavalier,Generation V,Bug,Steel,1,33,"2,889",223,187,172,No,No,No,No,No
#590,Foongus,Generation V,Grass,Poison,0.2,1,979,97,91,170,No,No,No,No,No
#591,Amoonguss,Generation V,Grass,Poison,0.6,10.5,"2,140",155,139,249,No,No,No,No,No
#594,Alomomola,Generation V,Water,Unknown,1.2,31.6,"2,169",138,131,338,No,No,No,No,No
#595,Joltik,Generation V,Bug,Electric,0.1,0.6,"1,023",110,98,137,No,No,No,No,No
#596,Galvantula,Generation V,Bug,Electric,0.8,14.3,"2,206",201,128,172,No,No,No,No,No
#597,Ferroseed,Generation V,Grass,Steel,0.6,18.8,941,82,155,127,No,No,No,No,No
#598,Ferrothorn,Generation V,Grass,Steel,1,110,"2,321",158,223,179,No,No,No,No,No
#599,Klink,Generation V,Steel,Unknown,0.3,21,956,98,121,120,Yes,No,Yes,Yes,No
#600,Klang,Generation V,Steel,Unknown,0.6,51,"1,847",150,174,155,Yes,No,No,No,No
#601,Klinklang,Generation V,Steel,Unknown,0.6,81,"2,637",199,214,155,Yes,No,No,No,No
#605,Elgyem,Generation V,Psychic,Unknown,0.51,8.98,"1,385",148,100,146,No,No,No,No,No
#606,Beheeyem,Generation V,Psychic,Unknown,0.99,34.52,"2,753",221,163,181,No,No,No,No,No
#607,Litwick,Generation V,Ghost,Fire,0.3,3.1,"1,006",108,98,137,No,No,No,No,No
#608,Lampent,Generation V,Ghost,Fire,0.6,13,"1,708",169,115,155,No,No,No,No,No
#609,Chandelure,Generation V,Ghost,Fire,1,34.3,"3,268",271,182,155,No,No,No,No,No
#610,Axew,Generation V,Dragon,Unknown,0.6,18,"1,368",154,101,130,No,No,No,No,No
#611,Fraxure,Generation V,Dragon,Unknown,1,36,"2,234",212,123,165,No,No,No,No,No
#612,Haxorus,Generation V,Dragon,Unknown,1.8,105.5,"3,593",284,172,183,No,No,No,No,No
#613,Cubchoo,Generation V,Ice,Unknown,0.5,8.5,"1,069",128,74,146,No,No,No,No,No
#614,Beartic,Generation V,Ice,Unknown,2.6,260,"3,042",233,152,216,No,No,No,No,No
#615,Cryogonal,Generation V,Ice,Unknown,1.1,148,"2,798",190,218,190,No,No,No,No,No
#616,Shelmet,Generation V,Bug,Unknown,0.4,7.7,834,72,140,137,No,No,No,No,No
#617,Accelgor,Generation V,Bug,Unknown,0.8,25.3,"2,441",220,120,190,No,No,No,No,No
#618,Stunfisk,Generation V,Ground,Electric,0.7,11,"2,162",144,171,240,No,No,No,No,No
#622,Golett,Generation V,Ground,Ghost,1,92,"1,189",127,92,153,No,No,No,No,No
#623,Golurk,Generation V,Ground,Ghost,2.8,330,"2,854",222,154,205,No,No,No,No,No
#627,Rufflet,Generation V,Normal,Flying,0.5,10.5,"1,491",150,97,172,No,No,No,No,No
#628,Braviary,Generation V,Normal,Flying,1.5,41,"3,088",232,152,225,No,No,No,No,No
#631,Heatmor,Generation V,Fire,Unknown,1.4,58,"2,395",204,129,198,Yes,No,No,No,No
#632,Durant,Generation V,Bug,Steel,0.3,33,"2,659",217,188,151,Yes,No,No,No,No
#633,Deino,Generation V,Dark,Dragon,0.8,17.3,"1,062",116,93,141,Yes,No,No,Yes,No
#634,Zweilous,Generation V,Dark,Dragon,1.4,50,"1,839",159,135,176,Yes,No,No,No,No
#635,Hydreigon,Generation V,Dark,Dragon,1.8,160,"3,625",256,188,211,Yes,No,No,No,No
#638,Cobalion,Generation V,Steel,Fighting,2.1,250,"3,022",192,229,209,Yes,Yes,Yes,No,No
#639,Terrakion,Generation V,Rock,Fighting,1.9,260,"3,698",260,192,209,Yes,Yes,Yes,No,No
#640,Virizion,Generation V,Grass,Fighting,2,200,"3,022",192,229,209,Yes,Yes,Yes,No,No
#641,Tornadus,Generation V,Flying,Unknown,1.5,63,"3,345",266,164,188,No,No,No,No,No
#642,Thundurus,Generation V,Electric,Flying,1.5,61,"3,345",266,164,188,No,No,No,No,No
#643,Reshiram,Generation V,Dragon,Fire,3.2,330,"4,038",275,211,205,No,No,No,No,No
#644,Zekrom,Generation V,Dragon,Electric,2.9,345,"4,038",275,211,205,No,No,No,No,No
#645,Landorus,Generation V,Ground,Flying,1.5,68,"3,588",261,182,205,No,No,No,No,No
#646,Kyurem,Generation V,Dragon,Ice,3,325,"3,575",246,170,245,No,No,No,No,No
#647,Keldeo,Generation V,Water,Fighting,1.4,48.5,"3,698",260,192,209,No,No,No,No,No
#808,Meltan,Unknown,Steel,Unknown,0.2,8,"1,068",118,99,130,Yes,Yes,No,No,No
#809,Melmetal,Unknown,Steel,Unknown,2.5,800,"3,599",226,190,264,Yes,Yes,No,No,No
#862,Obstagoon,Generation VIII,Normal,Dark,1.6,46,"2,652",180,194,212,No,No,No,No,No
#863,Perrserker,Generation VIII,Steel,Unknown,0.8,28,"2,386",195,162,172,No,No,No,No,No
#865,Sirfetch'd,Generation VIII,Fighting,Unknown,0.8,117,"2,985",248,176,158,No,No,No,No,No
